{"cameraMode":{"drawMode":0,"name":"Shaded","section":"Shading Mode"},"sceneLighting":false,"audioPlay":false,"sceneViewState":{"showFog":true,"showMaterialUpdate":false,"showSkybox":false,"showFlares":true,"showImageEffects":true,"showParticleSystems":true},"in2DMode":false,"pivot":{"x":540.7000122070313,"y":0.0,"z":-5.74566650390625},"rotation":{"x":-0.00300004705786705,"y":-0.006000996101647615,"z":-0.00001801566031645052,"w":0.9999817609786987},"size":21.064966201782228,"orthographic":true}