{"cameraMode":{"drawMode":0,"name":"Shaded","section":"Shading Mode"},"sceneLighting":false,"audioPlay":false,"sceneViewState":{"showFog":true,"showMaterialUpdate":false,"showSkybox":false,"showFlares":true,"showImageEffects":true,"showParticleSystems":true},"in2DMode":false,"pivot":{"x":3.43790340423584,"y":0.7867302894592285,"z":-2.246893882751465},"rotation":{"x":0.02399233914911747,"y":-0.020992645993828775,"z":0.0005044104764238,"w":0.9994977116584778},"size":8.756879806518555,"orthographic":true}