{"cameraMode":{"drawMode":0,"name":"Shaded","section":"Shading Mode"},"sceneLighting":false,"audioPlay":false,"sceneViewState":{"showFog":true,"showMaterialUpdate":false,"showSkybox":false,"showFlares":true,"showImageEffects":true,"showParticleSystems":true},"in2DMode":false,"pivot":{"x":-4.734718322753906,"y":-2.166590452194214,"z":-2.0},"rotation":{"x":0.02399233914911747,"y":-0.020992645993828775,"z":0.0005044104764238,"w":0.9994977116584778},"size":0.9498150944709778,"orthographic":true}