{"cameraMode":{"drawMode":0,"name":"Shaded","section":"Shading Mode"},"sceneLighting":false,"audioPlay":false,"sceneViewState":{"showFog":true,"showMaterialUpdate":false,"showSkybox":false,"showFlares":true,"showImageEffects":true,"showParticleSystems":true},"in2DMode":false,"pivot":{"x":-0.7393417358398438,"y":4.22650146484375,"z":-2.826171875},"rotation":{"x":0.01649910770356655,"y":-0.004499049391597509,"z":0.00007422928320011124,"w":0.9998558163642883},"size":8.134734153747559,"orthographic":true}